<?xml version="1.0" encoding="UTF-8" standalone="no"?>
<!-- Generated 15 ene 2024 17:10:57 by Hibernate Tools 6.3.1.Final --><!DOCTYPE hibernate-mapping PUBLIC "-//Hibernate/Hibernate Mapping DTD 3.0//EN" "http://www.hibernate.org/dtd/hibernate-mapping-3.0.dtd">
<hibernate-mapping>
    <class catalog="investigacion" name="ExperienciaLaboral" optimistic-lock="none" table="experiencia_laboral">
        <id name="elId" type="int">
            <column name="EL_ID"/>
            <generator class="assigned"/>
        </id>
        <many-to-one class="Investigador" fetch="select" name="investigador">
            <column name="INV_ID"/>
        </many-to-one>
        <property name="elInstituto" type="string">
            <column length="255" name="EL_INSTITUTO"/>
        </property>
        <property name="elPeriodo" type="string">
            <column length="255" name="EL_PERIODO"/>
        </property>
        <property name="elDescripcion" type="string">
            <column length="65535" name="EL_DESCRIPCION"/>
        </property>
    </class>
</hibernate-mapping>
