<?xml version="1.0" encoding="UTF-8" standalone="no"?>
<!-- Generated 15 ene 2024 17:10:57 by Hibernate Tools 6.3.1.Final --><!DOCTYPE hibernate-mapping PUBLIC "-//Hibernate/Hibernate Mapping DTD 3.0//EN" "http://www.hibernate.org/dtd/hibernate-mapping-3.0.dtd">
<hibernate-mapping>
    <class catalog="investigacion" name="TrabajosGradoDirigidos" optimistic-lock="none" table="trabajos_grado_dirigidos">
        <id name="tgId" type="int">
            <column name="TG_ID"/>
            <generator class="assigned"/>
        </id>
        <many-to-one class="Investigador" fetch="select" name="investigador">
            <column name="INV_ID"/>
        </many-to-one>
        <property name="tgNombre" type="string">
            <column length="255" name="TG_NOMBRE"/>
        </property>
        <property name="tgAlumno" type="string">
            <column length="255" name="TG_ALUMNO"/>
        </property>
        <property name="tgNivel" type="string">
            <column length="255" name="TG_NIVEL"/>
        </property>
        <property name="tgTipo" type="string">
            <column length="255" name="TG_TIPO"/>
        </property>
    </class>
</hibernate-mapping>
